datetime,water in,water out,oil,He,low pressure,high pressure,current,hours
2022-05-15 16:59:17,0.0,0.0,0.0,0.0,0.0,0.0,0.0,0.0
2022-05-15 17:00:17,19.70722,19.71,21.252779999999998,21.4,221.9474,222.3542,0.25433,38607.41
2022-05-15 17:01:17,19.830560000000002,19.82056,21.26055,21.43055,221.9675,222.3617,0.26036,38607.41
2022-05-15 17:02:17,19.93833,19.92333,21.26055,21.453889999999998,221.9525,222.3517,0.260355,38607.41
2022-05-15 17:03:17,20.05722,20.04166,21.27111,21.49277,221.9749,222.3467,0.260355,38607.41
2022-05-15 17:04:17,20.18055,20.15222,21.28111,21.523329999999998,221.98,222.4043,0.26035,38607.41
2022-05-15 17:05:17,20.28611,20.25777,21.28389,21.546670000000002,221.9525,222.3667,0.260355,38607.41
2022-05-15 17:06:17,20.405,20.36111,21.30167,21.58278,221.9699,222.3592,0.260355,38607.41
2022-05-15 17:07:17,18.07222,18.64555,21.29944,21.60833,221.9799,222.3642,0.25434,38607.41
2022-05-15 17:08:17,17.60722,17.558329999999998,21.29166,21.62667,221.9675,222.3579,0.254335,38607.41
2022-05-15 17:09:20,18.406670000000002,18.49111,21.28389,21.57222,221.9524,222.3104,0.254335,38607.41
2022-05-15 17:10:20,18.357779999999998,18.45778,21.29166,21.51333,221.975,222.3667,0.260355,38607.41
2022-05-15 17:11:20,18.52222,18.59667,21.29944,21.477220000000003,221.9624,222.363,0.266885,38607.41
2022-05-15 17:12:20,18.64278,18.712220000000002,21.29389,21.43055,221.9624,222.3129,0.26035,38607.41
2022-05-15 17:13:20,18.76611,18.822779999999998,21.29389,21.4,221.965,222.3204,0.26035,38607.41
2022-05-15 17:14:20,18.887220000000003,18.941110000000002,21.296670000000002,21.386670000000002,221.9525,222.3567,0.26035,38607.41
2022-05-15 17:15:23,19.023329999999998,19.067220000000002,21.31222,21.392220000000002,221.9775,222.378,0.260355,38607.41
2022-05-15 17:16:23,19.13889,19.18555,21.30722,21.39722,221.9624,222.393,0.26035,38607.41
2022-05-15 17:17:23,19.27555,19.30611,21.325,21.41778,221.9549,222.353,0.260355,38607.41
2022-05-15 17:18:23,19.39333,19.41167,21.325,21.42556,221.9662,222.3805,0.25433,38607.41
2022-05-15 17:19:23,19.50667,19.52222,21.33,21.45111,221.9624,222.368,0.26687,38607.41
2022-05-15 17:20:23,19.627779999999998,19.63277,21.34056,21.47167,221.9924,222.4117,0.25433,38607.41
2022-05-15 17:21:26,19.75611,19.761110000000002,21.36111,21.51333,221.9762,222.3855,0.260355,38607.41
2022-05-15 17:22:26,19.86944,19.86944,21.36611,21.54389,221.9724,222.3968,0.260355,38607.41
2022-05-15 17:23:26,19.977220000000003,19.96444,21.36111,21.56445,221.9849,222.4393,0.254335,38607.41
2022-05-15 17:24:26,20.09555,20.08,21.36889,21.58278,221.9725,222.3855,0.24781,38607.41
2022-05-15 17:25:26,20.21944,20.191110000000002,21.38944,21.61889,221.9825,222.4494,0.254325,38607.41
2022-05-15 17:26:26,20.343329999999998,20.31222,21.39445,21.657220000000002,221.97,222.4468,0.254335,38607.41
2022-05-15 17:27:29,20.40222,20.4,21.38944,21.66778,221.96,222.4029,0.266875,38607.41
2022-05-15 17:28:29,16.83556,17.45778,21.40222,21.71944,221.9599,222.4368,0.26035,38607.41
2022-05-15 17:29:29,18.21889,18.21611,21.392220000000002,21.71167,221.9724,222.3792,0.26035,38607.41
2022-05-15 17:30:29,18.355,18.476110000000002,21.39445,21.64444,221.9712,222.4168,0.25433,38607.41
2022-05-15 17:31:29,18.39111,18.48611,21.384439999999998,21.575,221.9675,222.433,0.26687,38607.41
2022-05-15 17:32:29,18.56055,18.635,21.38944,21.53611,221.9599,222.4393,0.260345,38607.41
2022-05-15 17:33:29,18.67889,18.75611,21.384439999999998,21.495,221.9775,222.4994,0.26035,38607.41
2022-05-15 17:34:29,18.81278,18.87444,21.39722,21.474439999999998,221.9925,222.4706,0.260355,38607.41
2022-05-15 17:35:29,18.93611,18.99277,21.405,21.48222,221.97,222.4668,0.254335,38607.41
2022-05-15 17:36:32,19.05944,19.10555,21.4,21.47167,221.9825,222.4668,0.260345,38607.41
2022-05-15 17:37:32,19.17,19.21611,21.41,21.474439999999998,221.98,222.4944,0.266865,38607.41
2022-05-15 17:38:32,19.296110000000002,19.32444,21.4,21.474439999999998,221.975,222.5219,0.26035,38607.41
2022-05-15 17:39:32,19.435,19.46278,21.42278,21.51333,221.9799,222.5444,0.25433,38607.41
2022-05-15 17:40:32,19.54778,19.56833,21.433329999999998,21.53111,221.9825,222.572,0.26687,38607.41
2022-05-15 17:41:32,19.650560000000002,19.66611,21.42556,21.54389,221.9875,222.4844,0.260345,38607.41
2022-05-15 17:42:32,19.78444,19.78945,21.44889,21.58555,221.985,222.5582,0.25433,38607.41
2022-05-15 17:43:35,19.912779999999998,19.9,21.44889,21.60833,221.9875,222.4919,0.26035,38607.41
2022-05-15 17:44:35,20.01556,20.00778,21.453889999999998,21.62389,221.9825,222.5194,0.260355,38607.41
2022-05-15 17:45:35,20.14722,20.136670000000002,21.47167,21.67278,221.9825,222.5795,0.260355,38607.41
2022-05-15 17:46:35,20.26056,20.23222,21.474439999999998,21.691110000000002,221.985,222.5294,0.260365,38607.41
2022-05-15 17:47:35,20.36611,20.33278,21.46445,21.70889,221.9925,222.592,0.260345,38607.41
2022-05-15 17:48:35,20.142220000000002,20.30167,21.46667,21.74778,221.9975,222.6058,0.254325,38607.41
2022-05-15 17:49:35,16.56833,17.05667,21.46667,21.76334,221.9749,222.5307,0.26036,38607.41
2022-05-15 17:50:35,18.32166,18.34722,21.45889,21.75,221.985,222.5119,0.26687,38607.41
2022-05-15 17:51:35,18.32667,18.442220000000002,21.43833,21.67278,221.985,222.5758,0.260355,38607.41
2022-05-15 17:52:35,18.40111,18.49111,21.43611,21.60611,221.98,222.582,0.266865,38607.41
2022-05-15 17:53:35,18.56055,18.64278,21.433329999999998,21.55722,221.9925,222.5795,0.26687,38607.41
2022-05-15 17:54:35,18.68667,18.77167,21.44333,21.52889,221.975,222.5582,0.26687,38607.41
2022-05-15 17:55:35,18.81,18.87444,21.44333,21.51333,221.9975,222.5444,0.26687,38607.41
2022-05-15 17:56:38,18.94389,19.00555,21.453889999999998,21.50555,221.9924,222.5407,0.26687,38607.41
2022-05-15 17:57:38,19.06222,19.11611,21.46445,21.52611,222.0,222.5745,0.260345,38607.41
2022-05-15 17:58:38,19.18778,19.23445,21.46445,21.51833,222.0,222.6446,0.260365,38607.41
2022-05-15 17:59:38,19.31111,19.35,21.477220000000003,21.54167,221.99,222.5369,0.26035,38607.41
2022-05-15 18:00:38,19.427220000000002,19.46556,21.48722,21.56445,221.9925,222.6095,0.260365,38607.41
2022-05-15 18:01:38,19.55278,19.56556,21.47944,21.56445,221.9925,222.6157,0.25433,38607.41
2022-05-15 18:02:38,19.66111,19.67889,21.485,21.593329999999998,222.0,222.597,0.26036,38607.41
2022-05-15 18:03:41,19.78666,19.794439999999998,21.49277,21.62167,221.9975,222.6083,0.266865,38607.41
2022-05-15 18:04:41,19.90778,19.90778,21.50555,21.657220000000002,222.0025,222.5932,0.26687,38607.41
2022-05-15 18:05:41,20.01833,20.01556,21.50555,21.683329999999998,222.0025,222.6533,0.26687,38607.41
2022-05-15 18:06:41,20.13944,20.136670000000002,21.51833,21.72167,222.0,222.617,0.25433,38607.41
2022-05-15 18:07:41,20.25,20.24,21.53389,21.752779999999998,221.9924,222.6295,0.260345,38607.41
2022-05-15 18:08:41,20.35833,20.33278,21.53611,21.77111,221.9925,222.6583,0.254325,38607.41
2022-05-15 18:09:41,20.113889999999998,20.29389,21.54389,21.801660000000002,221.9925,222.6495,0.26687,38607.41
2022-05-15 18:10:41,16.58889,17.092779999999998,21.54945,21.83556,221.99,222.632,0.266865,38607.41
2022-05-15 18:11:41,18.34722,18.37833,21.546670000000002,21.83,222.0075,222.6458,0.26035,38607.41
2022-05-15 18:12:44,18.33945,18.46278,21.52889,21.74778,222.0025,222.6621,0.27289,38607.41
2022-05-15 18:13:44,18.421670000000002,18.517220000000002,21.51333,21.66,221.995,222.6208,0.260345,38607.41
2022-05-15 18:14:44,18.578889999999998,18.66889,21.51333,21.61889,221.995,222.5983,0.26035,38607.41
2022-05-15 18:15:44,18.712220000000002,18.79222,21.523329999999998,21.60611,221.995,222.6658,0.25433,38607.41
2022-05-15 18:16:44,18.82556,18.895,21.50555,21.567220000000002,222.0062,222.6546,0.260345,38607.41
2022-05-15 18:17:44,18.961660000000002,19.02833,21.523329999999998,21.567220000000002,221.9975,222.6408,0.266865,38607.41
2022-05-15 18:18:44,19.07722,19.13389,21.52111,21.567220000000002,221.9875,222.6183,0.26688,38607.41
2022-05-15 18:19:44,19.20055,19.23445,21.50777,21.55944,222.005,222.6559,0.266865,38607.41
2022-05-15 18:20:44,19.30611,19.33944,21.49,21.546670000000002,222.0,222.6345,0.260345,38607.41
2022-05-15 18:21:47,19.447779999999998,19.47055,21.51056,21.58,222.0175,222.6546,0.266865,38607.41
2022-05-15 18:22:47,19.56556,19.58889,21.51555,21.60333,222.0125,222.6646,0.266865,38607.41
2022-05-15 18:23:47,19.68945,19.70722,21.53611,21.63944,221.995,222.6433,0.260345,38607.41
2022-05-15 18:24:47,19.8,19.81,21.53111,21.65222,222.0025,222.6608,0.26035,38607.41
2022-05-15 18:25:47,19.91555,19.912779999999998,21.54167,21.683329999999998,222.0025,222.6495,0.266865,38607.41
2022-05-15 18:26:47,20.03889,20.04166,21.55722,21.72944,221.995,222.6721,0.26036,38607.41
2022-05-15 18:27:47,20.15,20.136670000000002,21.55944,21.73722,222.0162,222.6571,0.260345,38607.41
2022-05-15 18:28:47,20.26333,20.24277,21.56445,21.76833,222.005,222.6933,0.26687,38607.41
2022-05-15 18:29:47,20.38166,20.35333,21.56445,21.78889,222.0075,222.6833,0.25433,38607.41
2022-05-15 18:30:47,19.90278,20.18055,21.55722,21.81222,222.0025,222.6646,0.26035,38607.41
2022-05-15 18:31:47,16.56333,16.98722,21.54167,21.83,221.9975,222.632,0.260345,38607.41
2022-05-15 18:32:47,18.316670000000002,18.357779999999998,21.53111,21.81444,222.0101,222.6546,0.26034,38607.41
2022-05-15 18:33:47,18.30389,18.427220000000002,21.53889,21.75,222.0125,222.7096,0.26035,38607.41
2022-05-15 18:34:47,18.39111,18.48611,21.51833,21.67555,222.0125,222.6859,0.260345,38607.41
2022-05-15 18:35:47,18.54278,18.63278,21.51833,21.61889,221.995,222.6633,0.266875,38607.41
2022-05-15 18:36:47,18.66111,18.740560000000002,21.502779999999998,21.58278,221.9975,222.6583,0.266875,38607.41
2022-05-15 18:37:47,18.77945,18.85389,21.5,21.55722,222.0087,222.6608,0.260345,38607.41
2022-05-15 18:38:47,18.905,18.97222,21.48722,21.53889,222.0025,222.6546,0.266865,38607.41
2022-05-15 18:39:47,19.023329999999998,19.07222,21.485,21.53111,221.9963,222.6733,0.260345,38607.41
2022-05-15 18:40:50,19.16222,19.20833,21.5,21.546670000000002,222.015,222.6458,0.260345,38607.41
2022-05-15 18:41:50,19.27778,19.31889,21.49277,21.55722,222.0075,222.7159,0.26035,38607.41
2022-05-15 18:42:50,19.39333,19.43222,21.48722,21.55722,222.0075,222.6884,0.25433,38607.41
2022-05-15 18:43:50,19.51444,19.537779999999998,21.49277,21.58,222.0151,222.6796,0.254325,38607.41
2022-05-15 18:44:50,19.63778,19.64556,21.49277,21.598329999999997,222.0025,222.6658,0.260345,38607.41
2022-05-15 18:45:50,19.75111,19.75333,21.49778,21.613889999999998,221.99,222.6583,0.26035,38607.41
2022-05-15 18:46:50,19.85889,19.866670000000003,21.495,21.642220000000002,222.0125,222.6896,0.26687,38607.41
2022-05-15 18:47:50,19.98222,19.985,21.50555,21.67555,221.995,222.6396,0.25434,38607.41
2022-05-15 18:48:50,20.08778,20.08,21.495,21.68833,222.0075,222.7046,0.260345,38607.41
2022-05-15 18:49:50,20.203889999999998,20.18055,21.50555,21.71944,222.0076,222.6421,0.260345,38607.41
2022-05-15 18:50:50,20.33278,20.30944,21.51555,21.76056,222.01,222.7184,0.26687,38607.41
2022-05-15 18:51:50,20.43611,20.405,21.51333,21.77611,222.005,222.7046,0.25433,38607.41
2022-05-15 18:52:53,17.36778,17.92333,21.502779999999998,21.78889,222.0075,222.7096,0.260345,38607.41
2022-05-15 18:53:53,18.051660000000002,18.002779999999998,21.502779999999998,21.817220000000002,221.9975,222.6683,0.260355,38607.41
2022-05-15 18:54:53,18.362779999999997,18.468329999999998,21.49277,21.745,222.0175,222.7008,0.260345,38607.41
2022-05-15 18:55:53,18.352220000000003,18.442220000000002,21.477220000000003,21.662779999999998,222.0075,222.6808,0.254325,38607.41
2022-05-15 18:56:53,18.51444,18.58111,21.477220000000003,21.613889999999998,221.995,222.6308,0.26687,38607.41
2022-05-15 18:57:53,18.622220000000002,18.69944,21.47167,21.57,222.0,222.6808,0.272885,38607.41
2022-05-15 18:58:53,18.75889,18.83055,21.477220000000003,21.55167,222.0,222.6683,0.266865,38607.41
2022-05-15 18:59:56,18.89,18.956670000000003,21.46667,21.52889,222.005,222.6633,0.26034,38607.41
2022-05-15 19:00:56,19.01555,19.06445,21.46445,21.52111,222.0176,222.6858,0.260345,38607.41
2022-05-15 19:01:56,19.13389,19.175,21.461660000000002,21.52611,222.005,222.7222,0.254325,38607.41
2022-05-15 19:02:56,19.26,19.29055,21.474439999999998,21.53611,222.0025,222.6746,0.266885,38607.41
2022-05-15 19:03:56,19.36778,19.39611,21.46445,21.54167,222.0,222.6633,0.266865,38607.41
2022-05-15 19:04:56,19.49111,19.509439999999998,21.461660000000002,21.56445,222.0025,222.6683,0.260365,38607.41
2022-05-15 19:05:56,19.60944,19.625,21.45889,21.575,222.0051,222.652,0.266865,38607.41
2022-05-15 19:06:56,19.738329999999998,19.75111,21.477220000000003,21.60611,222.0075,222.6896,0.254335,38607.41
2022-05-15 19:07:56,19.83333,19.827779999999997,21.46445,21.613889999999998,222.0075,222.6921,0.26034,38607.41
2022-05-15 19:08:56,19.95167,19.953889999999998,21.485,21.65222,222.0075,222.7409,0.254335,38607.41
2022-05-15 19:09:56,20.06444,20.05722,21.48222,21.66778,222.01,222.6896,0.260345,38607.41
2022-05-15 19:10:56,20.17833,20.165,21.47944,21.69889,222.015,222.6821,0.26034,38607.41
2022-05-15 19:11:56,20.28889,20.27111,21.485,21.72944,222.0062,222.6771,0.266865,38607.41
2022-05-15 19:12:57,20.4,20.37389,21.49277,21.75556,222.0076,222.6921,0.26687,38607.41
2022-05-15 19:13:57,18.21389,18.827779999999997,21.48722,21.773329999999998,222.0088,222.6897,0.260345,38607.41
2022-05-15 19:14:57,17.44,17.40889,21.49,21.79389,222.0175,222.6733,0.254325,38607.41
2022-05-15 19:15:57,18.39333,18.46556,21.48222,21.75778,221.9949,222.6933,0.26687,38607.41
2022-05-15 19:16:57,18.316670000000002,18.781670000000002,20.817220000000002,28.87167,84.67206,318.6987,35.965759999999996,39800.41
2022-05-15 19:17:57,18.50666,21.71167,21.37667,46.10667,77.13141999999999,326.503,33.77361,39800.41
2022-05-15 19:18:57,18.86166,23.405,23.11611,53.40889,77.74465,327.1741,33.09602,39800.41
2022-05-15 19:19:57,19.704439999999998,25.10833,24.80722,58.073330000000006,78.24025999999999,327.6334,32.49116,39800.41
2022-05-15 19:20:57,20.63944,26.67278,26.35833,61.437780000000004,78.6008,327.9914,33.14051,39800.41
2022-05-15 19:21:57,20.49278,27.533890000000003,27.665,63.778890000000004,79.03749,328.2716,33.158229999999996,39800.41
2022-05-15 19:22:57,17.995,25.57,25.90222,65.07555,79.3042,328.3742,32.91252,39800.41
2022-05-15 19:23:57,17.03611,24.84556,25.24,66.32555,79.3604,328.4981,32.502629999999996,39800.41
2022-05-15 19:24:57,18.920560000000002,26.252779999999998,26.093329999999998,67.15889,79.56071999999999,328.4731,32.28342,39800.41
2022-05-15 19:25:57,20.474439999999998,28.013340000000003,28.013340000000003,67.89111,79.8586,328.6234,32.4389,39800.41
2022-05-15 19:26:57,21.67834,29.30166,29.283890000000003,68.75555,80.2716,328.8425,33.10799,39800.41
2022-05-15 19:27:57,19.03389,27.521109999999997,28.13167,69.23222,80.39922,328.9776,33.16158,39800.41
2022-05-15 19:28:57,18.067220000000002,26.50777,26.995,69.35722,80.59451,329.0115,32.888729999999995,39800.41
2022-05-15 19:29:57,17.13889,25.727220000000003,26.33778,69.495,80.67706,329.0014,32.40352,39800.41
2022-05-15 19:30:57,18.85889,26.79944,26.773329999999998,69.64889000000001,80.85735,328.8758,32.35347,39800.41
2022-05-15 19:31:57,20.62167,28.60833,28.71167,70.07333,81.0926,328.8761,32.33959,39800.41
2022-05-15 19:32:57,21.9,29.886670000000002,29.930559999999996,70.50556,81.38171,329.0051,33.17468,39800.41
2022-05-15 19:33:57,19.14167,27.861109999999996,28.54945,70.57889,81.58321,329.0623,32.971509999999995,39800.41
2022-05-15 19:34:57,18.23167,26.91,27.464440000000003,70.5,81.75848,328.999,32.882740000000005,39800.41
2022-05-15 19:35:57,17.40889,26.15,26.80722,70.47667,81.71458,328.9949,32.335,39800.41
2022-05-15 19:36:57,18.47833,26.606109999999997,26.696109999999997,70.45834,81.86610999999999,328.8375,32.37947,39800.41
2022-05-15 19:37:57,20.59056,28.680559999999996,28.788890000000002,70.67056,82.08012,328.8737,32.258790000000005,39800.41
2022-05-15 19:38:57,21.85056,29.928340000000002,30.00778,70.89834,82.3166,328.9702,33.04253,39800.41
2022-05-15 19:39:57,19.26778,28.10333,28.843329999999998,71.17833,82.47932,329.0999,33.04773,39800.41
2022-05-15 19:40:57,18.337220000000002,27.090559999999996,27.68055,71.08666,82.59825,328.9775,32.95929,39800.41
2022-05-15 19:41:57,17.52444,26.327779999999997,27.021109999999997,70.90889,82.56309,328.9222,32.44542,39800.41
2022-05-15 19:42:57,18.06222,26.35333,26.642220000000002,70.72278,82.55934,328.8299,32.49409,39800.41
2022-05-15 19:43:57,20.477220000000003,28.61389,28.76333,71.01334,82.58327,328.7597,32.41154,39800.41
2022-05-15 19:44:57,21.77611,29.894440000000003,29.98722,71.25166999999999,82.87983,328.8298,33.24542,39800.41
2022-05-15 19:45:57,19.586660000000002,28.50555,29.219440000000002,71.45834,83.02505,328.8721,33.2949,39800.41
2022-05-15 19:46:57,18.46278,27.23722,27.80722,71.31444,83.08004,328.8746,33.15667,39800.41
2022-05-15 19:47:57,17.717779999999998,26.54945,27.17056,71.35611,83.1089,328.6944,32.43362,39800.41
2022-05-15 19:48:57,17.45555,25.97944,26.477220000000003,71.18111,83.08135,328.6146,32.64614,39800.41
2022-05-15 19:49:57,20.25,28.451109999999996,28.55167,71.28278,83.12014,328.6207,32.37597,39800.41
2022-05-15 19:50:57,21.57222,29.74278,29.850559999999998,71.73333000000001,83.26531,328.6696,33.401740000000004,39800.41
2022-05-15 19:51:57,20.11889,29.04945,29.72167,71.83,83.21648,328.9712,33.24159,39800.41
2022-05-15 19:52:57,18.599439999999998,27.43833,28.013340000000003,71.81166999999999,83.29414,328.9276,33.00275,39800.41
2022-05-15 19:53:57,17.89722,26.729440000000004,27.29389,71.70944,83.30034,328.837,33.084270000000004,39800.41
2022-05-15 19:54:57,17.01833,25.9,26.58278,71.53166999999999,83.16393000000001,328.7421,32.5857,39800.41
2022-05-15 19:55:57,19.80722,27.99778,28.075,71.555,83.22281,328.6332,32.397220000000004,39800.41
2022-05-15 19:56:57,21.25556,29.45389,29.554440000000003,71.64667,83.39053,328.6295,33.062459999999994,39800.41
2022-05-15 19:57:57,21.08278,29.87166,30.336109999999998,71.95334,83.52695,328.7947,33.08218,39800.41
2022-05-15 19:58:57,18.91555,27.74,28.288890000000002,71.99001,83.6058,328.8247,33.010020000000004,39800.41
2022-05-15 19:59:57,18.11056,26.96445,27.515559999999997,72.08166999999999,83.56073,328.7735,33.101459999999996,39800.41
2022-05-15 20:01:00,17.23944,26.134439999999998,26.73222,71.7989,83.55319,328.7146,32.5532,39800.41
2022-05-15 20:02:00,19.29055,27.49778,27.52611,71.74112,83.56317,328.622,32.4526,39800.41
2022-05-15 20:03:00,20.974439999999998,29.18833,29.260559999999998,71.775,83.58829,328.6131,32.47674,39800.41
2022-05-15 20:04:00,22.0,30.326109999999996,30.39834,72.105,83.80976,328.7085,33.33514,39800.41
2022-05-15 20:05:00,19.14666,28.07,28.65,72.21222,83.92616,328.7035,33.07703,39800.41
2022-05-15 20:06:00,18.262220000000003,27.14445,27.62167,72.06555999999999,83.88741999999999,328.651,32.95172,39800.41
2022-05-15 20:07:00,17.532220000000002,26.433329999999998,27.00778,72.10001,83.826,328.5921,32.48676,39800.41
2022-05-15 20:08:00,18.255,26.611109999999996,26.752779999999998,71.71223,83.73209,328.4555,32.41948,39800.41
2022-05-15 20:09:03,20.642220000000002,28.85333,28.92278,71.98445,83.87737,328.438,32.51951,39800.41
2022-05-15 20:10:03,21.93334,30.124440000000003,30.07,72.165,84.07007,328.4732,33.11715,39800.41
2022-05-15 20:11:03,19.58889,28.59555,29.201109999999996,72.31166999999999,84.07887,328.5257,32.9874,39800.41
2022-05-15 20:12:03,18.552770000000002,27.42555,27.894440000000003,72.34555,84.10763,328.4969,32.90119,39800.41
2022-05-15 20:13:03,17.78945,26.698890000000002,27.198890000000002,72.22778000000001,84.10892,328.389,32.78582,39800.41
2022-05-15 20:14:03,17.27,25.99778,26.49,72.06333000000001,83.99125,328.2891,32.22845,39800.41
2022-05-15 20:15:03,20.19611,28.412779999999998,28.41,71.97166,84.01883000000001,328.2289,32.44807,39800.41
2022-05-15 20:16:03,21.53389,29.77334,29.74,72.24389000000001,84.21902,328.1926,33.012859999999996,39800.41
2022-05-15 20:17:06,20.42278,29.36611,29.848329999999997,72.55,84.34293000000001,328.3768,32.980290000000004,39800.41
2022-05-15 20:18:06,18.76389,27.64445,28.05445,72.51334,84.34789,328.4179,32.95578,39800.41
2022-05-15 20:19:06,18.01056,26.907220000000002,27.38167,72.53166999999999,84.33669,328.234,33.09908,39800.41
2022-05-15 20:20:06,17.18778,26.10833,26.636670000000002,72.33555,84.22775,328.1578,32.269040000000004,39800.41
2022-05-15 20:21:06,19.64055,27.87667,27.809440000000002,72.22,84.24909,328.0224,32.4466,39800.41
2022-05-15 20:22:06,21.15,29.41,29.36389,72.35611,84.40923000000001,328.0437,32.99865,39800.41
2022-05-15 20:23:06,21.75,30.31055,30.385559999999998,72.64944,84.66586,328.1761,33.11647,39800.41
2022-05-15 20:24:09,19.03111,27.93611,28.33278,72.61555,84.57575,328.1604,32.976890000000004,39800.41
2022-05-15 20:25:09,18.24166,27.12667,27.528890000000004,72.58667,84.69593,328.0765,33.33648,39800.41
2022-05-15 20:26:09,17.406670000000002,26.36389,26.840559999999996,72.4661,84.58447,327.9611,32.40197,39800.41
2022-05-15 20:27:09,18.87167,27.14722,27.046670000000002,72.31944,84.55197,327.8301,32.32592,39800.41
2022-05-15 20:28:09,20.80722,29.06222,29.031109999999998,72.46889,84.6295,327.771,32.55234,39800.41
2022-05-15 20:29:09,22.09556,30.305,30.16333,72.69667,84.67331999999999,327.9551,33.09682,39800.41
2022-05-15 20:30:09,19.41945,28.386670000000002,28.886670000000002,72.72778000000001,84.75596999999999,328.0164,32.9401,39800.41
2022-05-15 20:31:12,18.419439999999998,27.32222,27.67278,72.51611,84.8373,328.0174,33.116279999999996,39800.41
2022-05-15 20:32:12,17.61444,26.598329999999997,27.01555,72.35611,84.72596,327.8971,32.46929,39800.41
2022-05-15 20:33:12,17.68667,26.22445,26.50777,72.27,84.56071999999999,327.7351,32.285470000000004,39800.41
2022-05-15 20:34:12,20.35055,28.62667,28.536109999999997,72.37723000000001,84.55691,327.6606,32.34377,39800.41
2022-05-15 20:35:12,21.665,29.89722,29.765559999999997,72.58389,84.83728,327.6848,32.96405,39800.41
2022-05-15 20:36:12,20.224439999999998,29.178340000000002,29.63445,72.80945,84.91487,327.836,33.19508,39800.41
2022-05-15 20:37:12,18.74333,27.59555,28.00778,72.74611,84.88235,327.8772,33.08162,39800.41
2022-05-15 20:38:12,17.96944,26.89445,27.26333,72.69111,84.99372,327.6993,33.01818,39800.41
2022-05-15 20:39:12,17.113329999999998,26.07,26.58278,72.44778000000001,84.80351,327.6294,32.2218,39800.41
2022-05-15 20:40:15,19.82056,28.07,27.948890000000002,72.54222,84.83610999999999,327.5245,32.39764,39800.41
2022-05-15 20:41:15,21.26055,29.51833,29.412779999999998,72.53944,84.90491,327.5631,33.069,39800.41
2022-05-15 20:42:15,21.35611,30.118890000000004,30.31833,72.89833,84.96372,327.657,32.961929999999995,39800.41
2022-05-15 20:43:15,19.002779999999998,27.868890000000004,28.219440000000002,72.78056,84.95747,327.6718,32.91807,39800.41
2022-05-15 20:44:15,18.13111,27.067220000000002,27.46667,72.655,84.89479,327.6093,32.87343,39800.41
2022-05-15 20:45:15,17.37278,26.288890000000002,26.79167,72.57333,84.79355,327.5272,32.355940000000004,39800.41
2022-05-15 20:46:15,19.19556,27.464440000000003,27.309440000000002,72.34334,84.87351,327.439,32.27877,39800.41
2022-05-15 20:47:15,20.96944,29.21667,29.15,72.38778,84.95496,327.4306,32.30382,39800.41
2022-05-15 20:48:15,22.10833,30.38778,30.27944,72.82223,85.04874000000001,327.4879,32.89239,39800.41
2022-05-15 20:49:18,19.15222,28.07222,28.464440000000003,72.84056,85.07879,327.5657,32.9304,39800.41
2022-05-15 20:50:18,18.37833,27.24778,27.60333,72.715,85.12514,327.4843,32.95601,39800.41
2022-05-15 20:51:18,17.52222,26.45389,26.912779999999998,72.48444,85.00871,327.4154,32.0899,39800.41
2022-05-15 20:52:18,18.32166,26.655,26.65222,72.39055,84.93613,327.2204,32.309259999999995,39800.41
2022-05-15 20:53:18,20.577779999999997,28.850559999999998,28.79944,72.34334,84.95245,327.1203,32.26017,39800.41
2022-05-15 20:54:18,21.87389,30.093329999999998,29.958890000000004,72.6311,85.17896999999999,327.2101,32.87999,39800.41
2022-05-15 20:55:18,19.68167,28.69111,29.178340000000002,72.79611,85.2791,327.3643,32.85399,39800.41
2022-05-15 20:56:21,18.49111,27.392220000000002,27.719440000000002,72.67056,85.18649,327.25,32.80327,39800.41
2022-05-15 20:57:21,17.74556,26.678340000000002,27.103340000000003,72.46389,85.22155,327.2291,32.1715,39800.41
2022-05-15 20:58:21,17.39611,26.067220000000002,26.41,72.48444,85.04381,327.1315,32.20776,39800.41
2022-05-15 20:59:21,20.24,28.49,28.407220000000002,72.27778,85.10883000000001,327.0287,32.24653,39800.41
2022-05-15 21:00:21,21.55167,29.77334,29.683329999999998,72.53166999999999,85.2453,327.0385,32.841770000000004,39800.41
2022-05-15 21:01:21,20.43833,29.361109999999996,29.80167,72.76444000000001,85.22655,327.0778,32.6665,39800.41
2022-05-15 21:02:21,18.704439999999998,27.58,27.951109999999996,72.62833,85.27402,327.1224,32.88487,39800.41
2022-05-15 21:03:21,17.97944,26.87667,27.281109999999998,72.54723,85.2366,327.0873,32.91661,39800.41
2022-05-15 21:04:21,17.08778,26.04167,26.56445,72.28055,85.12395,327.0287,32.21409,39800.41
2022-05-15 21:05:24,19.87167,28.07222,27.98722,72.22778000000001,85.02128,326.8859,32.32047,39800.41
2022-05-15 21:06:24,21.252779999999998,29.502779999999998,29.45389,72.59166,85.1777,326.8809,32.8159,39800.41
2022-05-15 21:07:24,21.30944,30.06222,30.302770000000002,72.57889,85.33288,327.0015,32.8851,39800.41
2022-05-15 21:08:24,18.941110000000002,27.83,28.260559999999998,72.57889,85.34543000000001,327.0701,32.82855,39800.41
2022-05-15 21:09:24,18.14167,27.021109999999997,27.42555,72.41666,85.33163,327.0138,32.5406,39800.41
2022-05-15 21:10:24,17.31889,26.25556,26.773329999999998,72.30944000000001,85.10138,326.8394,31.944679999999998,39800.41
2022-05-15 21:11:24,19.296110000000002,27.51055,27.412779999999998,72.12611,85.10014,326.6758,32.02019,39800.41
2022-05-15 21:12:24,21.002779999999998,29.22444,29.22167,72.17278,85.18768,326.6947,31.969409999999996,39800.41
2022-05-15 21:13:24,22.06222,30.377779999999998,30.33333,72.42721999999999,85.35803,326.7583,32.62089,39800.41
2022-05-15 21:14:24,19.18,28.098340000000004,28.559440000000002,72.43722,85.4092,326.8588,32.86503,39800.41
2022-05-15 21:15:27,18.27778,27.165,27.58778,72.51334,85.34045,326.7262,32.60797,39800.41
2022-05-15 21:16:27,17.46556,26.38444,26.93334,72.19111,85.20899,326.7296,32.326879999999996,39800.41
2022-05-15 21:17:27,18.625,26.88167,26.912779999999998,72.03445,85.20275,326.6562,32.0261,39800.41
2022-05-15 21:18:27,20.727220000000003,28.951109999999996,28.93611,72.14667,85.25909,326.5859,32.20066,39800.41
2022-05-15 21:19:27,22.01333,30.191670000000002,30.108890000000002,72.28055,85.46058000000001,326.6355,32.70277,39800.41
2022-05-15 21:20:27,19.46556,28.42833,29.01555,72.5,85.40671999999999,326.687,32.68373,39800.41
2022-05-15 21:21:30,18.39333,27.26333,27.68611,72.25444,85.49186999999999,326.7308,32.86647,39800.41
2022-05-15 21:22:30,17.67389,26.54167,27.077779999999997,72.25945,85.34040999999999,326.5571,32.16964,39800.41
2022-05-15 21:23:30,18.09555,26.46445,26.61611,71.81944,85.22775,326.4678,32.17609,39800.41
2022-05-15 21:24:30,20.551660000000002,28.75778,28.786109999999997,72.03945,85.32668000000001,326.4304,32.24989,39800.41
2022-05-15 21:25:30,21.81444,30.0,29.951109999999996,72.27,85.4606,326.4957,32.98323,39800.41
2022-05-15 21:26:30,19.83333,28.81222,29.428340000000002,72.31723000000001,85.58322,326.5997,32.82886,39800.41
2022-05-15 21:27:30,18.58389,27.42278,27.92555,72.16278,85.49812,326.5419,32.96586,39800.41
2022-05-15 21:28:30,17.85389,26.71667,27.21667,72.16,85.49944,326.3953,32.3407,39800.41
2022-05-15 21:29:33,17.58389,26.12167,26.51833,71.91888,85.30663,326.299,31.97523,39800.41
2022-05-15 21:30:33,20.33778,28.528890000000004,28.55167,71.94278,85.37302,326.2355,32.15704,39800.41
2022-05-15 21:31:33,21.61889,29.83778,29.81445,72.01833,85.55561999999999,326.209,32.999,39800.41
2022-05-15 21:32:33,20.18611,29.111109999999996,29.72444,72.23334,85.68961,326.393,32.97971,39800.41
2022-05-15 21:33:33,18.627779999999998,27.48722,28.015559999999997,72.04722,85.6233,326.4767,32.88525,39800.41
2022-05-15 21:34:33,17.85389,26.72444,27.27334,72.07889,85.55188000000001,326.3017,32.676590000000004,39800.41
2022-05-15 21:35:33,17.10833,25.93611,26.533890000000003,71.77,85.27665999999999,326.1902,31.94633,39800.41
2022-05-15 21:36:33,19.99778,28.17056,28.19111,71.76723,85.34421,326.2193,32.14927,39800.41
2022-05-15 21:37:33,21.392220000000002,29.559440000000002,29.63445,71.96110999999999,85.57074,326.1878,32.8469,39800.41
2022-05-15 21:38:36,20.72167,29.567220000000002,30.10111,72.10221999999999,85.56448,326.2177,32.67772,39800.41
2022-05-15 21:39:36,18.712220000000002,27.567220000000002,28.10333,72.01833,85.64584,326.3331,32.73402,39800.41
2022-05-15 21:40:36,17.995,26.848340000000004,27.35333,71.95834,85.68831999999999,326.188,32.551790000000004,39800.41
2022-05-15 21:41:36,17.13889,25.99,26.639440000000004,71.80667,85.44184,326.0939,31.9881,39800.41
2022-05-15 21:42:36,19.83333,28.00778,27.995,71.80945,85.40928000000001,325.9487,31.975540000000002,39800.41
2022-05-15 21:43:36,21.28111,29.456670000000003,29.55167,71.85611,85.53192,325.9787,32.72853,39800.41
2022-05-15 21:44:36,21.26055,29.98722,30.364440000000002,72.05776999999999,85.70591999999999,326.159,32.92672,39800.41
2022-05-15 21:45:39,18.76889,27.61389,28.15223,71.93222,85.59952,326.1253,32.56989,39800.41
2022-05-15 21:46:39,18.04889,26.88444,27.392220000000002,71.72778000000001,85.67461,326.0815,32.70282,39800.41
2022-05-15 21:47:39,17.175,26.04389,26.696109999999997,71.70721999999999,85.60955,325.9696,31.913590000000003,39800.41
2022-05-15 21:48:39,19.58889,27.74,27.773329999999998,71.58166999999999,85.52188000000001,325.8522,31.923920000000003,39800.41
2022-05-15 21:49:39,21.142220000000002,29.29389,29.41,71.74112,85.4869,325.8599,32.48808,39800.41
2022-05-15 21:50:39,21.79389,30.22778,30.43167,71.91389000000001,85.69841,325.911,32.49658,39800.41
2022-05-15 21:51:39,18.977220000000003,27.804440000000003,28.43611,71.89834,85.74595,326.0238,32.47704,39800.41
2022-05-15 21:52:39,18.09555,26.930559999999996,27.50778,71.72556,85.75719000000001,325.9939,32.52037,39800.41
2022-05-15 21:53:42,17.23167,26.113889999999998,26.81444,71.69945,85.54565,325.796,31.889570000000003,39800.41
2022-05-15 21:54:42,19.42444,27.59555,27.642220000000002,71.56833,85.55069,325.7922,31.82599,39800.41
2022-05-15 21:55:42,21.046670000000002,29.208890000000004,29.335559999999997,71.53944,85.52436999999999,325.7709,32.459740000000004,39800.41
2022-05-15 21:56:42,21.892220000000002,30.24833,30.39834,71.72278,85.64199,325.8309,32.57394,39800.41
2022-05-15 21:57:42,19.01056,27.83278,28.495,71.79111,85.73470999999999,325.8861,32.60233,39800.41
2022-05-15 21:58:42,18.16222,26.97167,27.54389,71.61556,85.78473000000001,325.8773,32.73452,39800.41
2022-05-15 21:59:45,17.28278,26.13167,26.843329999999998,71.56833,85.5219,325.7471,32.24426,39800.41
2022-05-15 22:00:45,19.41167,27.55167,27.577779999999997,71.44778000000001,85.56945,325.6997,32.20666,39800.41
2022-05-15 22:01:45,21.07,29.23722,29.39445,71.62333000000001,85.62326,325.711,32.7114,39800.41
2022-05-15 22:02:45,21.96944,30.27944,30.46,71.66277,85.78225,325.7209,32.6511,39800.41
2022-05-15 22:03:45,19.085,27.9,28.577779999999997,71.84055,85.75469,325.7208,32.629129999999996,39800.41
2022-05-15 22:04:45,18.15944,26.98222,27.58278,71.77778,85.87369,325.6924,32.67797,39800.41
2022-05-15 22:05:48,17.29833,26.142220000000002,26.82222,71.64445,85.69836,325.647,31.89957,39800.41
2022-05-15 22:06:48,19.27555,27.405,27.43833,71.42944,85.61076,325.5681,32.001059999999995,39800.41
2022-05-15 22:07:48,20.96944,29.12167,29.30945,71.42944,85.71087,325.5631,32.15743,39800.41
2022-05-15 22:08:48,21.995,30.21722,30.38778,71.78056,85.93243000000001,325.5894,32.50186,39800.41
2022-05-15 22:09:48,19.023329999999998,27.868890000000004,28.56445,71.74112,85.91367,325.6534,32.476820000000004,39800.41
2022-05-15 22:10:48,18.182779999999998,26.969440000000002,27.546670000000002,71.72556,85.78098,325.5934,32.559020000000004,39800.41
2022-05-15 22:11:51,17.293329999999997,26.12889,26.87167,71.44278,85.74591,325.5335,32.207159999999995,39800.41
2022-05-15 22:12:51,19.39111,27.523329999999998,27.559440000000002,71.4111,85.68709,325.4193,31.96913,39800.41
2022-05-15 22:13:51,21.05445,29.19333,29.350559999999998,71.50833,85.7034,325.4065,32.37073,39800.41
2022-05-15 22:14:51,21.91,30.212229999999998,30.416109999999996,71.60223,85.95995,325.4972,32.62935,39800.41
2022-05-15 22:15:51,18.985,27.796670000000002,28.52334,71.70167,85.92745,325.6143,32.4455,39800.41
2022-05-15 22:16:51,18.08278,26.868890000000004,27.5,71.51055,85.89111,325.4931,32.36448,39800.41
2022-05-15 22:17:51,17.262220000000003,26.08556,26.83278,71.23333000000001,85.75344,325.3618,31.800340000000002,39800.41
2022-05-15 22:18:54,19.38056,27.50778,27.590559999999996,71.16,85.73843000000001,325.2527,31.80094,39800.41
2022-05-15 22:19:54,21.01556,29.12667,29.304440000000003,71.50278,85.72086,325.2889,31.80698,39800.41
2022-05-15 22:20:54,22.05944,30.263890000000004,30.444440000000004,71.37222,85.91866999999999,325.2791,32.638529999999996,39800.41
2022-05-15 22:21:54,19.09556,27.912779999999998,28.65222,71.45555,85.97243,325.4718,32.602759999999996,39800.41
2022-05-15 22:22:54,18.20833,26.96445,27.57,71.36667,86.05765,325.3542,32.439679999999996,39800.41
2022-05-15 22:23:54,17.32444,26.155,26.89722,71.28278,85.82224000000001,325.3318,31.93188,39800.41
2022-05-15 22:24:57,19.07222,27.245,27.33278,71.22,85.81226,325.1039,32.03303,39800.41
2022-05-15 22:25:57,20.863889999999998,28.99,29.19333,71.30389,85.82356999999999,325.1928,31.85509,39800.41
2022-05-15 22:26:57,22.05444,30.17333,30.33111,71.42166999999999,85.97497,325.2267,32.496109999999994,39800.41
2022-05-15 22:27:57,19.13889,27.956670000000003,28.778890000000004,71.66277,86.04626999999999,325.234,32.4794,39800.41
2022-05-15 22:28:57,18.18556,26.930559999999996,27.59555,71.34055,85.96875,325.2378,32.4523,39800.41
2022-05-15 22:29:57,17.40111,26.206670000000003,26.93833,71.16778000000001,85.88228000000001,325.2352,32.032920000000004,39800.41
2022-05-15 22:31:00,18.843329999999998,27.010559999999998,27.155,71.12611,85.83482,324.9461,31.937859999999997,39800.41
2022-05-15 22:32:00,20.75778,28.87167,29.10333,71.39056,85.85355,325.0599,31.976509999999998,39800.41
2022-05-15 22:33:00,22.00778,30.08833,30.256109999999996,71.24611,86.10764,325.0876,32.58398,39800.41
2022-05-15 22:34:00,19.357779999999998,28.206670000000003,29.06445,71.44556,86.10138,325.1653,32.36555,39800.41
2022-05-15 22:35:00,18.27,27.023329999999998,27.729440000000004,71.43999000000001,86.05756,325.1012,32.56558,39800.41
2022-05-15 22:36:03,17.42945,26.245,27.00556,71.22556,85.96495999999999,325.0913,31.96217,39800.41
2022-05-15 22:37:03,18.81,26.925559999999997,27.098340000000004,70.97166,85.8974,324.8636,31.938109999999998,39800.41
2022-05-15 22:38:03,20.76555,28.861109999999996,29.12167,71.06333000000001,85.92618,324.8423,32.03867,39800.41
2022-05-15 22:39:03,22.00778,30.05722,30.256109999999996,71.13110999999999,86.14141,324.9587,32.733270000000005,39800.41
2022-05-15 22:40:03,19.355,28.206670000000003,29.07,71.36667,86.19281,325.0889,32.39079,39800.41
2022-05-15 22:41:06,18.22389,26.96167,27.64722,71.22556,86.199,325.0502,32.37506,39800.41
2022-05-15 22:42:06,17.442220000000002,26.23722,27.033890000000003,71.01833,86.03888,324.956,32.06391,39800.41
2022-05-15 22:43:06,18.77666,26.889440000000004,27.100559999999998,70.98444,86.03504000000001,324.8486,31.938259999999996,39800.41
2022-05-15 22:44:06,20.75,28.861109999999996,29.106109999999997,70.995,85.93865,324.7885,31.95794,39800.41
2022-05-15 22:45:06,22.01333,30.05722,30.22778,71.19111,86.16024,324.8098,32.36499,39800.41
2022-05-15 22:46:06,19.33445,28.180559999999996,29.072229999999998,71.19389,86.25907,324.9426,32.49848,39800.41
2022-05-15 22:47:06,18.18,26.94111,27.68611,71.1,86.29408000000001,324.879,32.45126,39800.41
2022-05-15 22:48:09,17.419439999999998,26.157220000000002,26.96667,71.0239,86.07625999999999,324.7697,31.9077,39800.41
2022-05-15 22:49:09,18.895,26.97445,27.208890000000004,70.82222,86.04635,324.696,31.95852,39800.41
2022-05-15 22:50:09,20.75778,28.868890000000004,29.111109999999996,71.11555,86.12395,324.768,31.8128,39800.41
2022-05-15 22:51:09,22.03889,30.077779999999997,30.27445,71.02111,86.30915999999999,324.7234,32.66494,39800.41
2022-05-15 22:52:09,19.262220000000003,28.111109999999996,28.98722,71.26723,86.2878,324.8296,32.53402,39800.41
2022-05-15 22:53:09,18.22889,26.96167,27.719440000000002,70.90055,86.28661,324.8214,32.4277,39800.41
2022-05-15 22:54:09,17.37556,26.16,27.01555,70.88779,86.10761,324.7873,32.05748,39800.41
2022-05-15 22:55:09,18.895,26.99,27.20389,70.885,86.12762,324.7057,32.03867,39800.41
2022-05-15 22:56:12,20.82,28.92056,29.208890000000004,70.85611,86.13268000000001,324.6523,32.15166,39800.41
2022-05-15 22:57:12,22.08278,30.116659999999996,30.36222,71.20721999999999,86.32169,324.692,32.639959999999995,39800.41
2022-05-15 22:58:12,19.241670000000003,28.085559999999997,29.0,71.15222,86.43176,324.8185,32.54097,39800.41
2022-05-15 22:59:12,18.17778,26.92056,27.701109999999996,71.12333000000001,86.37805999999999,324.7409,32.64158,39800.41
2022-05-15 23:00:12,17.33444,26.11611,26.977220000000003,70.70444,86.14764,324.6695,31.99547,39800.41
2022-05-15 23:01:12,18.93111,27.010559999999998,27.196109999999997,70.70444,86.25157,324.4495,32.013529999999996,39800.41
2022-05-15 23:02:12,20.79389,28.86611,29.142220000000002,70.85389,86.2841,324.5009,32.114540000000005,39800.41
2022-05-15 23:03:12,22.02111,30.067220000000002,30.302770000000002,70.96389,86.4155,324.617,32.70841,39800.41
2022-05-15 23:04:15,19.12889,27.97444,28.905,71.19667,86.46435,324.746,32.64841,39800.41
2022-05-15 23:05:15,18.10333,26.85333,27.62167,71.05,86.39045,324.7485,32.46548,39800.41
2022-05-15 23:06:15,17.13889,25.93611,26.84555,70.91111,86.11761,324.6257,31.92612,39800.41
2022-05-15 23:07:15,19.86167,27.93611,28.13167,70.78834,86.10767,324.3865,32.170359999999995,39800.41
2022-05-15 23:08:15,21.30944,29.40223,29.696109999999997,70.95834,86.29160999999999,324.4994,32.65292,39800.41
2022-05-15 23:09:15,20.817220000000002,29.572229999999998,30.354440000000004,71.15222,86.42296,324.6047,32.613009999999996,39800.41
2022-05-15 23:10:15,18.627779999999998,27.39722,28.21167,70.99778,86.47438000000001,324.7058,32.62219,39800.41
2022-05-15 23:11:15,17.805,26.57222,27.36389,71.05278,86.39799000000001,324.5794,32.58505,39800.41
2022-05-15 23:12:15,17.11833,25.81222,26.665,70.79611,86.13638,324.4069,31.98136,39800.41
2022-05-15 23:13:15,20.05167,28.13444,28.389440000000004,70.78056,86.1239,324.3008,32.17237,39800.41
2022-05-15 23:14:15,21.392220000000002,29.47167,29.74778,70.89278,86.40794,324.3127,32.85411,39800.41
2022-05-15 23:15:18,20.551660000000002,29.26833,30.16555,71.12611,86.41927,324.4329,32.6219,39800.41
2022-05-15 23:16:18,18.55055,27.30722,28.12667,70.94,86.4431,324.5019,32.67875,39800.41
2022-05-15 23:17:18,17.73056,26.48222,27.29167,70.80112,86.4693,324.3979,32.12706,39800.41
2022-05-15 23:18:18,17.635,26.03389,26.696109999999997,70.61278,86.34541,324.3805,32.17735,39800.41
2022-05-15 23:19:18,20.35833,28.42833,28.72167,70.77278000000001,86.24902,324.3051,31.91331,39800.41
2022-05-15 23:20:18,21.63944,29.719440000000002,30.028890000000004,70.82222,86.45303,324.2693,32.502829999999996,39800.41
2022-05-15 23:21:18,20.12667,28.88167,29.788890000000002,70.97945,86.44054,324.4493,32.509679999999996,39800.41
2022-05-15 23:22:18,18.42445,27.15,27.99278,70.90611,86.48309,324.4404,32.640859999999996,39800.41
2022-05-15 23:23:18,17.622220000000002,26.386670000000002,27.235,70.69945,86.45682,324.3604,32.0707,39800.41
2022-05-15 23:24:18,17.802220000000002,26.12167,26.683329999999998,70.50833,86.27534,324.2621,32.05764,39800.41
2022-05-15 23:25:18,20.38166,28.479440000000004,28.79167,70.62833,86.26909,324.1639,31.87629,39800.41
2022-05-15 23:26:18,21.636670000000002,29.698890000000002,30.00556,70.73611,86.44935,324.1225,32.57232,39800.41
2022-05-15 23:27:18,20.05944,28.80722,29.74278,70.96611,86.47063,324.3454,32.749320000000004,39800.41
2022-05-15 23:28:18,18.331670000000003,27.075,27.92278,70.775,86.48938000000001,324.3929,32.78447,39800.41
2022-05-15 23:29:18,17.537779999999998,26.288890000000002,27.183329999999998,70.73611,86.37924,324.3654,31.95941,39800.41
2022-05-15 23:30:18,18.69944,26.786109999999997,27.11389,70.47389,86.1902,324.1487,31.906270000000003,39800.41
2022-05-15 23:31:18,20.74778,28.81444,29.15,70.58667,86.20653,324.1326,32.06799,39800.41
2022-05-15 23:32:18,21.97167,30.01833,30.31833,70.86388000000001,86.47561999999999,324.1865,32.60389,39800.41
2022-05-15 23:33:21,19.13111,27.979440000000004,28.985,70.8511,86.47678,324.3042,32.521409999999996,39800.41
2022-05-15 23:34:21,18.10833,26.843329999999998,27.696109999999997,70.61001,86.39556,324.2426,32.62923,39800.41
2022-05-15 23:35:21,17.25222,26.02889,26.948890000000002,70.43222,86.26406,324.1827,32.01318,39800.41
2022-05-15 23:36:21,19.22389,27.281109999999998,27.554440000000003,70.45555999999999,86.29664,324.1153,31.94565,39800.41
2022-05-15 23:37:21,20.912779999999998,29.0,29.368890000000004,70.62611,86.34913,324.1277,31.912640000000003,39800.41
2022-05-15 23:38:21,22.0,30.118890000000004,30.47055,70.86388000000001,86.50936999999999,324.1375,32.74094,39800.41
2022-05-15 23:39:21,18.95167,27.752779999999998,28.771109999999997,70.80667,86.45303,324.1677,32.628820000000005,39800.41
2022-05-15 23:40:21,18.00778,26.745,27.59555,70.86388000000001,86.44305,324.1037,32.56558,39800.41
2022-05-15 23:41:21,17.21611,25.96167,26.88444,70.74611999999999,86.408,324.0898,31.94486,39800.41
2022-05-15 23:42:21,19.421670000000002,27.47445,27.74778,70.52111,86.39053,324.0475,32.09583,39800.41
2022-05-15 23:43:21,20.98222,29.05167,29.495,70.52889,86.32540999999999,324.0502,31.9956,39800.41
2022-05-15 23:44:21,21.96667,30.17333,30.602220000000003,70.70721999999999,86.50310999999999,324.059,32.43717,39800.41
2022-05-15 23:45:21,18.9,27.68055,28.69111,70.71778,86.49055,324.1163,32.42621,39800.41
2022-05-15 23:46:21,17.99278,26.68833,27.60833,70.59445,86.55323,324.0751,32.43415,39800.41
2022-05-15 23:47:21,17.13889,25.87389,26.83778,70.49221999999999,86.42799000000001,324.0625,31.896559999999997,39800.41
2022-05-15 23:48:21,19.70222,27.752779999999998,28.033890000000003,70.54722,86.40923000000001,323.9936,31.85493,39800.41
2022-05-15 23:49:24,21.24,29.30166,29.67055,70.53445,86.46181,323.9151,32.54053,39800.41
2022-05-15 23:50:24,21.11889,29.71167,30.44722,70.81721999999999,86.58569,324.074,32.53389,39800.41
2022-05-15 23:51:24,18.65055,27.4,28.356109999999997,70.76222,86.58325,324.0964,32.4379,39800.41
2022-05-15 23:52:24,17.81778,26.538890000000002,27.448890000000002,70.63889,86.49436,323.9978,32.24713,39800.41
2022-05-15 23:53:24,17.30389,25.80722,26.68833,70.35889,86.37793,323.8974,31.68143,39800.41
2022-05-15 23:54:24,20.20111,28.22945,28.611109999999996,70.32777,86.3567,323.8107,31.8889,39800.41
2022-05-15 23:55:24,21.477220000000003,29.533890000000003,29.92056,70.51334,86.57200999999999,323.8371,32.654270000000004,39800.41
2022-05-15 23:56:24,20.37889,29.090559999999996,30.054440000000003,70.75166999999999,86.66958000000001,323.9838,32.503409999999995,39800.41
2022-05-15 23:57:24,18.427220000000002,27.142220000000002,28.05445,70.4639,86.56199000000001,324.0362,32.38255,39800.41
2022-05-15 23:58:24,17.61722,26.33555,27.252779999999998,70.47166,86.46684,323.9415,31.71329,39800.41
2022-05-15 23:59:24,17.848329999999997,26.10056,26.752779999999998,70.29888000000001,86.38298,323.7959,31.858940000000004,39800.41
2022-05-16 00:00:24,20.38166,28.41778,28.82222,70.29333000000001,86.44808,323.8147,31.845579999999998,39800.41
2022-05-16 00:01:24,21.65222,29.67833,30.038890000000002,70.495,86.66082,323.8072,32.4534,39800.41
2022-05-16 00:02:24,20.00778,28.75556,29.74278,70.63889,86.66458,323.9734,32.434909999999995,39800.41
2022-05-16 00:03:24,18.31889,27.028890000000004,27.977220000000003,70.61001,86.59449000000001,323.8914,32.22118,39800.41
2022-05-16 00:04:24,17.45778,26.17555,27.111109999999996,70.38,86.45185,323.8426,31.74953,39800.41
2022-05-16 00:05:24,18.41166,26.50555,26.92056,70.36667,86.46061999999999,323.7007,31.931959999999997,39800.41
2022-05-16 00:06:27,20.67556,28.68833,29.098340000000004,70.43222,86.47933,323.6648,31.74943,39800.41
2022-05-16 00:07:27,21.89722,29.892220000000002,30.25333,70.57333,86.60696999999999,323.7118,32.270920000000004,39800.41
2022-05-16 00:08:27,19.34722,28.17056,29.22444,70.54500999999999,86.6358,323.7958,32.37108,39800.41
2022-05-16 00:09:27,18.15944,26.848340000000004,27.729440000000004,70.39833,86.65086,323.8634,32.52858,39800.41
2022-05-16 00:10:27,17.247220000000002,25.977220000000003,26.99278,70.34834000000001,86.53692,323.8485,31.86941,39800.41
2022-05-16 00:11:27,19.37278,27.37167,27.72167,70.31444,86.43181,323.6883,31.8574,39800.41
2022-05-16 00:12:27,20.985,29.023329999999998,29.485,70.34056,86.43178,323.6897,32.133179999999996,39800.41
2022-05-16 00:13:27,21.88167,30.054440000000003,30.53,70.56334,86.59323,323.7209,32.38475,39800.41
2022-05-16 00:14:27,18.84111,27.60833,28.655,70.61834,86.68209,323.7361,32.482620000000004,39800.41
2022-05-16 00:15:27,17.94611,26.65222,27.59555,70.48222,86.70708,323.7758,32.41065,39800.41
2022-05-16 00:16:27,17.04889,25.77611,26.80445,70.30667,86.4956,323.6883,31.744120000000002,39800.41
2022-05-16 00:17:27,19.650560000000002,27.64445,28.015559999999997,70.02665999999999,86.47808,323.5444,31.756940000000004,39800.41
2022-05-16 00:18:27,21.134439999999998,29.136670000000002,29.567220000000002,70.34555,86.51069,323.5219,32.35402,39800.41
2022-05-16 00:19:30,21.19889,29.73222,30.48889,70.52889,86.64581,323.6897,32.38387,39800.41
2022-05-16 00:20:30,18.63,27.32,28.33778,70.43222,86.63084,323.7298,32.2531,39800.41
2022-05-16 00:21:30,17.781670000000002,26.456670000000003,27.39722,70.29111,86.56069000000001,323.6107,32.03303,39800.41
2022-05-16 00:22:30,17.32167,25.76833,26.698890000000002,70.05778000000001,86.4143,323.5484,31.60738,39800.41
2022-05-16 00:23:30,20.19333,28.198890000000002,28.611109999999996,70.02665999999999,86.4543,323.5784,31.78254,39800.41
2022-05-16 00:24:30,21.48722,29.48722,29.907220000000002,70.25944,86.59445,323.5656,32.31519,39800.41
2022-05-16 00:25:30,20.32,28.985,30.015559999999997,70.40055,86.62201999999999,323.6657,32.089490000000005,39800.41
2022-05-16 00:26:30,18.38055,27.038890000000002,28.04944,70.26723,86.62076,323.651,32.057990000000004,39800.41
2022-05-16 00:27:30,17.517220000000002,26.203889999999998,27.208890000000004,70.27277,86.51812,323.5945,31.589570000000002,39800.41
2022-05-16 00:28:30,18.31889,26.39445,26.88444,70.11,86.44811,323.4932,31.619659999999996,39800.41
2022-05-16 00:29:30,20.56444,28.55445,29.036109999999997,69.98722,86.49685,323.4468,31.74012,39800.41
2022-05-16 00:30:30,21.79167,29.77334,30.20167,70.17833,86.68086,323.4693,32.22571,39800.41
2022-05-16 00:31:30,19.54,28.30722,29.446109999999997,70.36166,86.69334,323.6006,32.23402,39800.41
2022-05-16 00:32:30,18.18778,26.88167,27.87667,70.18611999999999,86.67459000000001,323.5669,32.19064,39800.41
2022-05-16 00:33:30,17.31389,25.99778,27.054440000000003,70.105,86.47061,323.4831,31.61202,39800.41
2022-05-16 00:34:30,19.175,27.15222,27.51055,70.02389000000001,86.49309000000001,323.3654,31.546,39800.41
2022-05-16 00:35:30,20.91,28.886670000000002,29.405,70.055,86.54195,323.4253,31.713790000000003,39800.41
2022-05-16 00:36:30,21.92278,29.99778,30.44722,70.28278,86.68585999999999,323.5006,32.22215,39800.41
2022-05-16 00:37:30,18.85889,27.60833,28.72445,70.325,86.66458,323.6159,32.1971,39800.41
2022-05-16 00:38:30,17.93111,26.58778,27.57,70.03666,86.59825,323.4671,32.19477,39800.41
2022-05-16 00:39:33,17.10056,25.703889999999998,26.74278,69.96889,86.49805,323.5154,31.67602,39800.41
2022-05-16 00:40:33,20.05722,28.010559999999998,28.433329999999998,69.95055,86.53941,323.3841,31.53854,39800.41
2022-05-16 00:41:33,21.37389,29.350559999999998,29.83778,70.03166999999999,86.5882,323.3441,32.27855,39800.41
2022-05-16 00:42:33,20.52111,29.15,30.19945,70.27778,86.67834,323.4532,32.09687,39800.41
2022-05-16 00:43:33,18.46055,27.11611,28.139440000000004,70.26222,86.68337,323.5307,32.104079999999996,39800.41
2022-05-16 00:44:33,17.56833,26.25778,27.30722,69.98444,86.62576,323.4444,31.5889,39800.41
2022-05-16 00:45:33,18.17778,26.30722,26.87167,70.01334,86.58577,323.3466,31.6263,39800.41
2022-05-16 00:46:33,20.55722,28.538890000000002,29.002779999999998,69.99221999999999,86.55946999999999,323.2915,31.507209999999997,39800.41
2022-05-16 00:47:33,21.78889,29.745,30.17333,70.12055,86.68709,323.2841,32.09085,39800.41
2022-05-16 00:48:33,19.59167,28.33778,29.479440000000004,70.13667,86.68587,323.3994,32.11547,39800.41
2022-05-16 00:49:36,18.07722,26.74778,27.74778,70.215,86.71967,323.4208,32.0214,39800.41
2022-05-16 00:50:36,17.34222,25.96944,26.96167,70.02889,86.51066,323.3569,31.469170000000002,39800.41
2022-05-16 00:51:36,19.337220000000002,27.296670000000002,27.701109999999996,70.03166999999999,86.49067,323.2076,31.59005,39800.41
2022-05-16 00:52:36,20.96167,28.948890000000002,29.46167,69.83334,86.51193,323.2492,32.00629,39800.41
2022-05-16 00:53:36,21.87667,30.021109999999997,30.53278,70.215,86.73841,323.2942,32.17745,39800.41
2022-05-16 00:54:36,18.81278,27.521109999999997,28.66,70.09444,86.70084,323.418,32.18436,39800.41
2022-05-16 00:55:36,17.87167,26.531109999999998,27.554440000000003,69.91944000000001,86.71466,323.3418,32.08282,39800.41
2022-05-16 00:56:36,17.136670000000002,25.68611,26.75,69.96110999999999,86.48684,323.2432,31.405209999999997,39800.41
2022-05-16 00:57:36,20.03111,27.99278,28.415,69.89333,86.46305,323.1824,31.544929999999997,39800.41
2022-05-16 00:58:36,21.32,29.32,29.79945,69.95834,86.68713000000001,323.1802,32.24527,39800.41
2022-05-16 00:59:36,20.58556,29.206670000000003,30.25889,70.27277,86.76095,323.3555,32.1463,39800.41
2022-05-16 01:00:36,18.476110000000002,27.100559999999998,28.123890000000003,70.14166999999999,86.74599,323.359,32.15791,39800.41
2022-05-16 01:01:36,17.61444,26.27611,27.278890000000004,70.03666,86.64329000000001,323.2776,31.51845,39800.41
2022-05-16 01:02:36,17.88223,26.03611,26.752779999999998,69.89333,86.55818000000001,323.1276,31.450640000000003,39800.41
2022-05-16 01:03:36,20.41778,28.378890000000002,28.87667,69.80778000000001,86.53567,323.1026,31.62055,39800.41
2022-05-16 01:04:36,21.68056,29.590559999999996,30.046670000000002,70.11278,86.7359,323.1463,32.21637,39800.41
2022-05-16 01:05:36,19.892220000000002,28.56222,29.698890000000002,70.26222,86.7459,323.3229,32.159890000000004,39800.41
2022-05-16 01:06:36,18.262220000000003,26.915,27.948890000000002,69.98444,86.76725,323.2331,31.99581,39800.41
2022-05-16 01:07:36,17.357779999999998,26.00778,27.07,69.97945,86.57696999999999,323.2426,31.48835,39800.41
2022-05-16 01:08:36,18.86944,26.83278,27.278890000000004,69.8389,86.49061999999999,323.0692,31.4637,39800.41
2022-05-16 01:09:36,20.74278,28.698890000000002,29.24278,69.83111,86.55688,323.0637,31.526770000000003,39800.41
2022-05-16 01:10:36,21.96944,29.9,30.37,70.045,86.75095,323.1438,32.10907,39800.41
2022-05-16 01:11:36,19.14444,27.9,29.11611,70.20444,86.84608,323.243,32.0155,39800.41
2022-05-16 01:12:36,18.02111,26.65,27.64722,69.86721999999999,86.77471,323.2428,32.1544,39800.41
2022-05-16 01:13:39,17.14167,25.75778,26.850559999999998,69.85445,86.6709,323.1441,31.507070000000002,39800.41
2022-05-16 01:14:39,19.075,27.054440000000003,27.479440000000004,69.60167,86.59322,323.085,31.53207,39800.41
2022-05-16 01:15:39,20.74278,28.74278,29.252779999999998,69.79722,86.62702,323.0074,31.51395,39800.41
2022-05-16 01:16:39,21.99278,29.92555,30.39834,70.03166999999999,86.75215,323.0325,32.034009999999995,39800.41
2022-05-16 01:17:39,19.15944,27.88445,29.08778,69.98722,86.75466,323.0875,31.95086,39800.41
2022-05-16 01:18:39,18.02611,26.66,27.69111,70.00278,86.64959,323.0901,31.92111,39800.41
2022-05-16 01:19:39,17.23667,25.87889,26.94333,69.88056,86.62955,323.0762,31.40076,39800.41
2022-05-16 01:20:39,19.40889,27.36389,27.77611,69.73721,86.60575,322.9988,31.496,39800.41
2022-05-16 01:21:39,21.002779999999998,28.97444,29.485,69.83111,86.62324,323.0461,31.965629999999997,39800.41
2022-05-16 01:22:39,21.72167,29.915,30.54055,70.0,86.79848,323.0751,32.02245,39800.41
2022-05-16 01:23:39,18.69666,27.373890000000003,28.546670000000002,70.09166,86.76218,323.0624,31.96015,39800.41
2022-05-16 01:24:39,17.76389,26.39722,27.469440000000002,69.76334,86.73214,323.0124,31.99703,39800.41
2022-05-16 01:25:39,17.12889,25.68833,26.79944,69.60444,86.53941,322.9563,31.48312,39800.41
2022-05-16 01:26:39,20.0,27.951109999999996,28.43833,69.75278,86.59071,322.9212,31.552090000000003,39800.41
2022-05-16 01:27:39,21.343329999999998,29.30722,29.788890000000002,69.675,86.81725,322.9449,32.147290000000005,39800.41
2022-05-16 01:28:39,20.57,29.198890000000002,30.263890000000004,70.045,86.92866,322.9902,31.972070000000002,39800.41
2022-05-16 01:29:39,18.46055,27.08778,28.180559999999996,69.90666999999999,86.76345,323.0487,31.95273,39800.41
2022-05-16 01:30:42,17.537779999999998,26.18611,27.29389,69.76833,86.78472,323.0085,31.43435,39800.41
2022-05-16 01:31:42,18.445,26.451109999999996,26.958890000000004,69.81778,86.67458,322.8936,31.43378,39800.41
2022-05-16 01:32:42,20.655,28.600559999999998,29.106109999999997,69.82556,86.60079,322.8698,31.389190000000003,39800.41
2022-05-16 01:33:42,21.85056,29.76333,30.284440000000004,69.95834,86.81351,322.8121,31.94118,39800.41
2022-05-16 01:34:42,19.355,28.075,29.25,70.05277,86.8561,322.9299,32.05338,39800.41
2022-05-16 01:35:42,18.03611,26.655,27.729440000000004,69.88834,86.77466,323.0073,32.07737,39800.41
2022-05-16 01:36:42,17.15222,25.79389,26.89445,69.70055,86.74096999999999,322.9287,31.52545,39800.41
2022-05-16 01:37:42,18.66111,26.639440000000004,27.111109999999996,69.58334,86.66714,322.8361,31.576909999999998,39800.41
2022-05-16 01:38:42,20.54389,28.510559999999998,29.06445,69.59666,86.62204,322.796,31.451890000000002,39800.41
2022-05-16 01:39:42,21.84834,29.74778,30.225,69.94833,86.78723000000001,322.8334,31.920840000000002,39800.41
2022-05-16 01:40:42,19.54778,28.27611,29.48722,70.10223,86.79719,322.8934,32.01627,39800.41
2022-05-16 01:41:42,18.18556,26.79167,27.856109999999997,69.96889,86.79476,322.9212,32.02901,39800.41
2022-05-16 01:42:42,17.37556,26.02889,27.075,69.60722,86.7597,322.891,31.47082,39800.41
2022-05-16 01:43:42,18.12889,26.165,26.74278,69.72945,86.71336,322.7661,31.50245,39800.41
2022-05-16 01:44:42,20.35611,28.322229999999998,28.85833,69.73222,86.67461,322.7048,31.464570000000002,39800.41
2022-05-16 01:45:42,21.636670000000002,29.54389,30.015559999999997,69.80221999999999,86.80346999999999,322.7047,31.90955,39800.41
2022-05-16 01:46:45,19.815,28.495,29.665,70.10777,86.9174,322.8585,32.022529999999996,39800.41
2022-05-16 01:47:45,18.20056,26.825,27.892220000000002,69.81555,86.91119,322.9197,31.966179999999998,39800.41
2022-05-16 01:48:45,17.28278,25.93833,27.12167,69.68,86.69336,322.8736,31.377809999999997,39800.41
2022-05-16 01:49:45,19.15222,27.059440000000002,27.456670000000003,69.68278000000001,86.65833,322.6808,31.36402,39800.41
2022-05-16 01:50:45,20.85334,28.79944,29.35833,69.76833,86.70464,322.672,31.40134,39800.41
2022-05-16 01:51:45,21.956670000000003,29.943340000000003,30.42945,69.89611,86.89232,322.6284,31.903109999999998,39800.41
2022-05-16 01:52:45,18.90778,27.642220000000002,28.850559999999998,69.86501,86.90855,322.7909,32.01684,39800.41
2022-05-16 01:53:45,17.91778,26.531109999999998,27.58278,69.80221999999999,86.89365,322.8536,31.90975,39800.41
2022-05-16 01:54:45,17.14445,25.74278,26.80945,69.51056,86.72083,322.8413,31.3397,39800.41
2022-05-16 01:55:45,19.09778,27.021109999999997,27.469440000000002,69.44055,86.68212,322.6344,31.326340000000002,39800.41
2022-05-16 01:56:45,20.71944,28.678340000000002,29.25778,69.60944,86.63454,322.6385,31.267740000000003,39800.41
2022-05-16 01:57:45,21.94611,29.84555,30.343890000000002,69.91444,86.84852,322.6458,31.910020000000003,39800.41
2022-05-16 01:58:45,19.09,27.81445,29.059440000000002,69.90389,86.88983,322.7386,31.97938,39800.41
2022-05-16 01:59:45,17.99778,26.590559999999996,27.683329999999998,69.71667,86.84604,322.7461,31.966690000000003,39800.41
2022-05-16 02:00:45,17.09,25.69333,26.848340000000004,69.53945,86.82469,322.7148,31.326459999999997,39800.41
2022-05-16 02:01:45,19.86944,27.796670000000002,28.260559999999998,69.50278,86.78358,322.6659,31.39753,39800.41
2022-05-16 02:02:45,21.28889,29.208890000000004,29.76833,69.59167,86.87852,322.5519,31.90995,39800.41
2022-05-16 02:03:48,20.55722,29.139440000000004,30.26111,69.94278,86.97121,322.7234,31.928290000000004,39800.41
2022-05-16 02:04:48,18.452779999999997,27.059440000000002,28.139440000000004,69.83610999999999,87.01881,322.7298,31.97771,39800.41
2022-05-16 02:05:48,17.57611,26.206670000000003,27.283890000000003,69.73444,86.91736999999999,322.7161,31.362540000000003,39800.41
2022-05-16 02:06:48,17.671110000000002,25.85833,26.68611,69.56277,86.74467,322.5807,31.33969,39800.41
2022-05-16 02:07:48,20.32,28.252779999999998,28.796670000000002,69.49001,86.71212,322.5581,31.402690000000003,39800.41
2022-05-16 02:08:48,21.546670000000002,29.46167,29.96667,69.73444,86.88107,322.4683,31.911209999999997,39800.41
2022-05-16 02:09:48,20.136670000000002,28.701109999999996,29.905,69.95612,86.90736,322.6723,31.90264,39800.41
2022-05-16 02:10:48,18.27778,26.88444,27.99,69.69278,86.95997,322.7072,31.90836,39800.41
2022-05-16 02:11:48,17.38056,26.02334,27.13167,69.64111,86.92116999999999,322.6707,31.41948,39800.41
2022-05-16 02:12:48,18.092779999999998,26.11889,26.80166,69.32333,86.73344,322.5709,31.45794,39800.41
2022-05-16 02:13:48,20.36889,28.317220000000002,28.868890000000004,69.53945,86.766,322.5195,31.464579999999998,39800.41
2022-05-16 02:14:48,21.636670000000002,29.51555,30.08278,69.66167,86.94993000000001,322.4606,31.95348,39800.41
2022-05-16 02:15:48,19.93111,28.57222,29.75778,69.83610999999999,86.94611,322.5554,31.92865,39800.41
2022-05-16 02:16:48,18.23944,26.827779999999997,27.91778,69.62778,86.95624000000001,322.6067,31.88965,39800.41
2022-05-16 02:17:48,17.272779999999997,25.9,27.054440000000003,69.64889000000001,86.86489,322.6057,31.43324,39800.41
2022-05-16 02:18:48,18.33444,26.296670000000002,26.905,69.57555,86.79475,322.5557,31.456409999999998,39800.41
2022-05-16 02:19:48,20.456670000000003,28.41778,28.99278,69.60444,86.76337,322.4554,31.35882,39800.41
2022-05-16 02:20:48,21.71167,29.598340000000004,30.103890000000003,69.73222,86.9762,322.4217,32.00849,39800.41
2022-05-16 02:21:51,19.64278,28.322229999999998,29.554440000000003,69.89889000000001,87.10764,322.5857,32.02261,39800.41
2022-05-16 02:22:51,18.19055,26.778890000000004,27.840559999999996,69.79445,87.07885,322.6423,31.96037,39800.41
2022-05-16 02:23:51,17.28278,25.88167,27.01833,69.61222,86.8123,322.5518,31.396620000000002,39800.41
2022-05-16 02:24:51,18.75111,26.69333,27.196109999999997,69.49001,86.7559,322.3797,31.301909999999996,39800.41
2022-05-16 02:25:51,20.634439999999998,28.56222,29.15222,69.555,86.80728,322.3629,31.346040000000002,39800.41
2022-05-16 02:26:51,21.905,29.752779999999998,30.24333,69.77889,87.03,322.3779,31.921709999999997,39800.41
2022-05-16 02:27:51,19.427220000000002,28.123890000000003,29.35833,69.73444,87.00504000000001,322.5403,31.90305,39800.41
2022-05-16 02:28:51,18.136670000000002,26.69333,27.77611,69.71667,87.05001,322.5668,31.978990000000003,39800.41
2022-05-16 02:29:51,17.27,25.89722,27.072229999999998,69.41945,86.8961,322.5443,31.414409999999997,39800.41
2022-05-16 02:30:51,18.69944,26.65,27.18833,69.37276999999999,86.811,322.404,31.32682,39800.41
2022-05-16 02:31:51,20.58556,28.531109999999998,29.118890000000004,69.61222,86.78098,322.2943,31.339640000000003,39800.41
2022-05-16 02:32:51,21.85333,29.72167,30.25333,69.71389,86.97501,322.3667,31.916140000000002,39800.41
2022-05-16 02:33:51,19.398889999999998,28.09555,29.348340000000004,69.83610999999999,86.96875,322.4655,31.90832,39800.41
2022-05-16 02:34:51,18.06944,26.636670000000002,27.75777,69.68278000000001,87.10889,322.4957,32.004059999999996,39800.41
2022-05-16 02:35:51,17.29056,25.87167,27.059440000000002,69.44055,86.94119,322.4832,31.45253,39800.41
2022-05-16 02:36:54,18.94389,26.85333,27.33,69.47666,86.75716,322.269,31.296979999999998,39800.41
2022-05-16 02:37:54,20.67278,28.62166,29.227220000000003,69.64111,86.84483,322.3067,31.31434,39800.41
2022-05-16 02:38:54,21.977220000000003,29.827779999999997,30.35945,69.76334,87.07755999999999,322.3595,31.96513,39800.41
2022-05-16 02:39:54,19.31666,28.013340000000003,29.288890000000002,69.76833,87.05379,322.5043,31.940540000000002,39800.41
2022-05-16 02:40:54,18.12889,26.71667,27.843329999999998,69.63333,87.05379,322.4571,31.8854,39800.41
2022-05-16 02:41:54,17.26,25.86889,27.059440000000002,69.61501,86.90486,322.4033,31.314629999999998,39800.41
2022-05-16 02:42:54,18.683889999999998,26.61611,27.157220000000002,69.27889,86.82488000000001,322.2344,31.28896,39800.41
2022-05-16 02:43:54,20.60056,28.521109999999997,29.123890000000003,69.51056,86.78223,322.2041,31.31376,39800.41
2022-05-16 02:44:54,21.84834,29.696109999999997,30.20167,69.60167,87.04385,322.259,31.90499,39800.41
2022-05-16 02:45:54,19.406670000000002,28.106109999999997,29.38167,69.71889,87.10008,322.433,31.947879999999998,39800.41
2022-05-16 02:46:54,18.075,26.64722,27.786109999999997,69.70611,87.12265,322.4302,31.916940000000004,39800.41
2022-05-16 02:47:54,17.265,25.87667,27.010559999999998,69.41945,86.82103000000001,322.4143,31.340020000000003,39800.41
2022-05-16 02:48:54,19.33944,27.24278,27.735,69.46110999999999,86.84863,322.3015,31.33322,39800.41
2022-05-16 02:49:54,20.93833,28.84555,29.44333,69.53945,86.80731999999999,322.2726,31.603209999999997,39800.41
2022-05-16 02:50:54,21.89722,29.948890000000002,30.55055,69.88333,87.01373000000001,322.298,31.75266,39800.41
2022-05-16 02:51:57,18.704439999999998,27.35833,28.58778,69.62,87.09139,322.4105,31.85169,39800.41
2022-05-16 02:52:57,17.738329999999998,26.35833,27.46167,69.59389,87.0751,322.3393,31.84082,39800.41
2022-05-16 02:53:57,17.12389,25.61889,26.771109999999997,69.21889,86.90364,322.2578,31.26367,39800.41
2022-05-16 02:54:57,19.96167,27.87667,28.42056,69.38055,86.89233,322.1813,31.29495,39800.41
2022-05-16 02:55:57,21.30944,29.201109999999996,29.778890000000004,69.55221999999999,86.98621,322.1349,31.97795,39800.41
2022-05-16 02:56:57,20.71445,29.29389,30.40833,69.76334,87.10645,322.2942,31.93532,39800.41
2022-05-16 02:57:57,18.63,27.201109999999996,28.33,69.55776999999999,87.1189,322.3794,31.929159999999996,39800.41
2022-05-16 02:58:57,17.59945,26.206670000000003,27.4,69.47166,87.0889,322.3091,31.871140000000004,39800.41
2022-05-16 02:59:57,16.956670000000003,25.51833,26.665,69.41444,86.89489,322.2579,31.33938,39800.41
2022-05-16 03:00:57,19.805,27.72444,28.26555,69.31555999999999,86.82725,322.1828,31.28257,39800.41
2022-05-16 03:01:57,21.136670000000002,29.04945,29.68611,69.48445,86.86983000000001,322.1674,31.80412,39800.41
2022-05-16 03:02:57,21.36611,29.72444,30.63833,69.67721999999999,87.10639,322.2277,31.85323,39800.41
2022-05-16 03:03:57,18.64056,27.23222,28.38445,69.68,87.15893,322.2691,31.948209999999996,39800.41
2022-05-16 03:04:57,17.61222,26.24278,27.407220000000002,69.47166,87.17779,322.2328,31.84127,39800.41
2022-05-16 03:05:57,16.95889,25.53611,26.719440000000002,69.31778,87.00749,322.1938,31.38314,39800.41
2022-05-16 03:06:57,19.77666,27.70389,28.252779999999998,69.2139,86.94493,322.1188,31.35202,39800.41
2022-05-16 03:07:57,21.12167,29.00777,29.600559999999998,69.32555,87.00374000000001,322.1277,31.89766,39800.41
2022-05-16 03:08:57,21.35611,29.68833,30.56333,69.65889,87.11514,322.2152,31.84742,39800.41
2022-05-16 03:09:57,18.58111,27.18611,28.38445,69.59389,87.10263,322.2403,31.89177,39800.41
2022-05-16 03:10:57,17.64556,26.271109999999997,27.405,69.39111,87.04753000000001,322.1638,31.797959999999996,39800.41
2022-05-16 03:11:57,16.91778,25.495,26.65222,69.34944,86.9111,322.1777,31.3536,39800.41
2022-05-16 03:12:57,19.70222,27.60833,28.16778,69.33610999999999,86.85228000000001,322.0714,31.429170000000003,39800.41
2022-05-16 03:13:57,21.04389,28.951109999999996,29.55722,69.42223,87.03378000000001,322.1227,31.89188,39800.41
2022-05-16 03:14:57,21.56222,29.80167,30.56611,69.685,87.14021,322.2427,31.88509,39800.41
2022-05-16 03:15:57,18.68167,27.296670000000002,28.52334,69.62276999999999,87.1064,322.2539,31.76033,39800.41
2022-05-16 03:17:00,17.691670000000002,26.265559999999997,27.394440000000003,69.4639,87.18517,322.2017,31.93487,39800.41
2022-05-16 03:18:00,16.985,25.52611,26.73222,69.48445,86.92239000000001,322.1789,31.34385,39800.41
2022-05-16 03:19:00,19.81,27.69333,28.260559999999998,69.28389,86.87232,322.0724,31.32145,39800.41
2022-05-16 03:20:00,21.14444,29.02611,29.675559999999997,69.43500999999999,86.995,322.0136,31.779159999999997,39800.41
2022-05-16 03:21:00,21.28889,29.66778,30.57667,69.72945,87.09383000000001,322.1354,31.82994,39800.41
2022-05-16 03:22:00,18.717779999999998,27.31445,28.485,69.58610999999999,87.1039,322.2325,31.94122,39800.41
2022-05-16 03:23:00,17.67889,26.27611,27.433329999999998,69.59167,87.10645,322.1275,31.998520000000003,39800.41
2022-05-16 03:24:00,17.02111,25.55445,26.75778,69.3961,86.96621,322.1625,31.360159999999997,39800.41
2022-05-16 03:25:00,19.91555,27.81222,28.356109999999997,69.25833,86.99133,322.02,31.28994,39800.41
2022-05-16 03:26:00,21.24,29.13167,29.75,69.375,87.0626,322.0175,31.841340000000002,39800.41
2022-05-16 03:27:00,20.88167,29.373890000000003,30.442220000000002,69.56778,87.12138,322.1265,31.803420000000003,39800.41
2022-05-16 03:28:00,18.60722,27.18611,28.38445,69.60444,87.10632,322.2065,31.85395,39800.41
2022-05-16 03:29:03,17.63778,26.18833,27.343329999999998,69.36721999999999,87.1452,322.1115,31.95443,39800.41
2022-05-16 03:30:03,17.10056,25.52111,26.628890000000002,69.17721999999999,86.9825,321.9987,31.27095,39800.41
2022-05-16 03:31:03,19.96944,27.894440000000003,28.469440000000002,69.19055,86.90865,321.9111,31.2409,39800.41
2022-05-16 03:32:03,21.26556,29.16,29.735,69.5,87.04756,321.9312,31.8901,39800.41
2022-05-16 03:33:03,20.752779999999998,29.29167,30.46,69.59945,87.18021999999999,322.0225,31.88535,39800.41
2022-05-16 03:34:03,18.57333,27.157220000000002,28.327779999999997,69.5,87.16145999999999,322.1402,31.877940000000002,39800.41
2022-05-16 03:35:03,17.671110000000002,26.235,27.38444,69.305,87.18268,322.08,31.96548,39800.41
2022-05-16 03:36:03,17.19555,25.56222,26.678340000000002,69.38055,87.02003,322.0473,31.34685,39800.41
2022-05-16 03:37:03,20.08555,27.99278,28.54945,69.3,87.00001,321.9926,31.33245,39800.41
2022-05-16 03:38:03,21.363889999999998,29.235,29.827779999999997,69.40666999999999,87.10389,321.9752,31.953870000000002,39800.41
2022-05-16 03:39:03,20.54389,29.08278,30.26667,69.61723,87.19147,322.0478,31.766779999999997,39800.41
2022-05-16 03:40:03,18.47833,27.04945,28.25,69.54722,87.12142,322.1338,31.87295,39800.41
2022-05-16 03:41:03,17.56556,26.09556,27.245,69.38555,87.08006,322.0537,31.84732,39800.41
2022-05-16 03:42:03,17.092779999999998,25.49,26.628890000000002,69.26833,86.93741999999999,321.9186,31.25187,39800.41
2022-05-16 03:43:03,19.95889,27.861109999999996,28.44111,69.23722,86.9274,321.8698,31.29655,39800.41
2022-05-16 03:44:03,21.23222,29.10833,29.719440000000002,69.49221999999999,87.07004,321.9185,32.0042,39800.41
2022-05-16 03:45:06,20.67556,29.206670000000003,30.377779999999998,69.51056,87.20272,321.9862,31.797909999999998,39800.41
2022-05-16 03:46:06,18.56833,27.12667,28.30722,69.44833,87.10262,322.1329,31.879309999999997,39800.41
2022-05-16 03:47:06,17.66333,26.214440000000003,27.389440000000004,69.35166,87.12639,321.9387,31.785190000000004,39800.41
2022-05-16 03:48:06,17.14667,25.523329999999998,26.67056,69.16666,86.94617,321.8963,31.321479999999998,39800.41
2022-05-16 03:49:06,20.03611,27.958890000000004,28.49,69.25,86.92746,321.846,31.29007,39800.41
2022-05-16 03:50:06,21.33555,29.21167,29.84334,69.34389,87.12264,321.8577,31.98038,39800.41
2022-05-16 03:51:06,20.44889,28.99,30.18889,69.65389,87.26156,322.0163,31.918670000000002,39800.41
2022-05-16 03:52:06,18.39611,26.99778,28.19333,69.5239,87.24282,322.0313,31.891090000000002,39800.41
2022-05-16 03:53:06,17.68667,26.21667,27.327779999999997,69.27389000000001,87.18649,322.0288,31.34088,39800.41
2022-05-16 03:54:06,17.76389,25.87667,26.701109999999996,69.18500999999999,87.08641999999999,321.8925,31.26415,39800.41
2022-05-16 03:55:06,20.35611,28.23722,28.84555,69.24221999999999,87.01751999999999,321.8435,31.240170000000003,39800.41
2022-05-16 03:56:06,21.577779999999997,29.44111,30.00556,69.28667,87.13886,321.8448,31.79157,39800.41
2022-05-16 03:57:06,20.03889,28.585559999999997,29.87166,69.51334,87.17775999999999,321.9722,31.82225,39800.41
2022-05-16 03:58:06,18.262220000000003,26.856109999999997,28.031109999999998,69.41444,87.21027,321.9862,31.747659999999996,39800.41
2022-05-16 03:59:06,17.511670000000002,26.04167,27.175559999999997,69.32555,87.00876,321.9511,31.32791,39800.41
2022-05-16 04:00:06,17.827779999999997,25.88944,26.706670000000003,69.175,86.96745,321.8185,31.30365,39800.41
2022-05-16 04:01:06,20.273329999999998,28.18611,28.76333,69.15389,87.04011,321.7986,31.34207,39800.41
2022-05-16 04:02:09,21.593329999999998,29.43611,29.979440000000004,69.43778,87.12146,321.8159,31.761,39800.41
2022-05-16 04:03:09,20.0,28.56222,29.77611,69.53166,87.17891999999999,321.9135,31.91108,39800.41
2022-05-16 04:04:09,18.38833,26.905,28.04167,69.51056,87.19657,321.9534,31.84233,39800.41
2022-05-16 04:05:09,17.427220000000002,26.00555,27.24,69.30778000000001,87.04756,321.9612,31.27205,39800.41
2022-05-16 04:06:09,18.68944,26.60333,27.17833,69.06778,87.02003,321.869,31.315209999999997,39800.41
2022-05-16 04:07:09,20.67556,28.575,29.208890000000004,69.24001,87.02374,321.8387,31.26527,39800.41
2022-05-16 04:08:09,21.892220000000002,29.735,30.31278,69.36222,87.2616,321.8597,31.961209999999998,39800.41
2022-05-16 04:09:09,19.19556,27.83778,29.11389,69.48222,87.18271,321.9474,31.792340000000003,39800.41
2022-05-16 04:10:09,18.092779999999998,26.67278,27.80722,69.4089,87.2378,321.8487,31.711859999999998,39800.41
2022-05-16 04:11:09,17.21611,25.84056,27.028890000000004,69.19556,86.93864,321.8924,31.2835,39800.41
2022-05-16 04:12:09,19.55555,27.412779999999998,27.946109999999997,69.09389,87.01754,321.7463,31.37262,39800.41
2022-05-16 04:13:09,21.04167,28.93833,29.56222,69.31778,87.06139,321.8109,31.86058,39800.41
2022-05-16 04:14:09,21.55167,29.778890000000004,30.573890000000002,69.62276999999999,87.30536,321.9073,31.96857,39800.41
2022-05-16 04:15:09,18.83833,27.39722,28.60833,69.38333,87.25655,321.9887,31.85503,39800.41
2022-05-16 04:16:09,17.79222,26.36611,27.528890000000004,69.5239,87.17515,321.9461,31.870309999999996,39800.41
2022-05-16 04:17:09,16.96944,25.55945,26.783890000000003,69.32055,87.00749,321.9012,31.30932,39800.41
2022-05-16 04:18:09,19.65333,27.531109999999998,28.077779999999997,69.10944,86.98121,321.726,31.27148,39800.41
2022-05-16 04:19:12,21.08278,28.98222,29.63167,69.31778,87.19904,321.746,31.86243,39800.41
2022-05-16 04:20:12,21.28389,29.60833,30.50944,69.54444000000001,87.32791,321.8712,31.898940000000003,39800.41
2022-05-16 04:21:12,18.73556,27.271109999999997,28.479440000000004,69.37,87.26411999999999,321.9336,31.892490000000002,39800.41
2022-05-16 04:22:12,17.65333,26.19611,27.38444,69.20834,87.25910999999999,321.8462,31.97975,39800.41
2022-05-16 04:23:12,17.01333,25.523329999999998,26.778890000000004,69.20333000000001,87.01632,321.8012,31.297079999999998,39800.41
2022-05-16 04:24:12,19.92834,27.80167,28.386670000000002,69.08889,86.94988000000001,321.6696,31.29591,39800.41
2022-05-16 04:25:12,21.22445,29.111109999999996,29.75,69.21889,87.0651,321.7046,31.844040000000003,39800.41
2022-05-16 04:26:12,20.84556,29.37167,30.475559999999998,69.51611,87.23531,321.8325,31.82345,39800.41
2022-05-16 04:27:12,18.57611,27.175559999999997,28.378890000000002,69.425,87.29163,321.8334,31.95406,39800.41
2022-05-16 04:28:12,17.70722,26.24278,27.373890000000003,69.31277,87.23035,321.8034,31.7058,39800.41
2022-05-16 04:29:12,17.33944,25.62667,26.73222,69.125,87.0425,321.767,31.390909999999998,39800.41
